,Precision,Recall,F1-Score,Support
Treatment,0.8873917228103946,0.8908212560386474,0.8891031822565092,
Prevention,0.9032258064516129,0.937365010799136,0.9199788023317435,
Diagnosis,0.9264705882352942,0.6980609418282548,0.7962085308056871,
Mechanism,0.9212121212121213,0.8042328042328042,0.8587570621468926,
Transmission,0.7469879518072289,0.484375,0.5876777251184835,
Epidemic Forecasting,0.6031746031746031,0.926829268292683,0.7307692307692307,
Case Report,0.901840490797546,0.7461928934010152,0.8166666666666667,
