,Treatment,Prevention,Diagnosis,Mechanism,Transmission,Epidemic Forecasting,Case Report
Treatment,1.0,-0.6263407579536314,0.10408557885347013,0.3651525498108467,-0.15627279753584916,-0.13558922423289493,-0.2161385160362493
Prevention,-0.6263407579536315,1.0,-0.3589398165967142,-0.39263390095010203,0.0784595219523601,0.1667451153944432,-0.20203108931073488
Diagnosis,0.10408557885347011,-0.3589398165967142,0.9999999999999999,-0.16715868091933384,-0.07608320397839845,-0.08479251848524223,-0.13927702149934507
Mechanism,0.3651525498108467,-0.39263390095010203,-0.16715868091933386,1.0,0.04239056316676021,-0.07988917220690589,-0.1312229681792359
Transmission,-0.15627279753584916,0.0784595219523601,-0.07608320397839845,0.04239056316676021,0.9999999999999999,-0.029794989116273343,-0.04894013544888635
Epidemic Forecasting,-0.13558922423289493,0.1667451153944432,-0.08479251848524223,-0.0798891722069059,-0.029794989116273346,1.0,-0.04246263651768966
Case Report,-0.2161385160362493,-0.20203108931073488,-0.1392770214993451,-0.1312229681792359,-0.04894013544888635,-0.04246263651768966,1.0
