,Precision,Recall,F1-Score,Support
Treatment,0.8731343283582089,0.9043478260869565,0.8884670147128619,
Prevention,0.9019812304483837,0.9341252699784017,0.9177718832891246,
Diagnosis,0.8993399339933993,0.7548476454293629,0.8207831325301205,
Mechanism,0.9385245901639344,0.8077601410934744,0.8682464454976303,
Transmission,0.7763157894736842,0.4609375,0.5784313725490197,
Epidemic Forecasting,0.6862745098039216,0.8536585365853658,0.7608695652173914,
Case Report,0.8860759493670886,0.7106598984771574,0.7887323943661971,
