Metric,Micro-avg,Macro-avg,Weighted-avg
Precision,0.8935329003106467,0.8476018984013617,0.8960816476573449
Recall,0.875,0.8360267267421762,0.875
F1-Score,0.8841693446974989,0.8304381441964915,0.8829635734774371
