,Precision,Recall,F1-Score,Support
Case Report,0.925531914893617,0.883248730964467,0.9038961038961039,
Diagnosis,0.8887218045112782,0.8185595567867036,0.852198990627253,
Epidemic Forecasting,0.5671641791044776,0.926829268292683,0.7037037037037037,
Mechanism,0.9387351778656127,0.8377425044091711,0.8853681267474373,
Prevention,0.9239013933547695,0.9308855291576674,0.9273803119956966,
Transmission,0.8192771084337349,0.53125,0.6445497630331753,
Treatment,0.8698817106460418,0.923671497584541,0.8959700093720713,
