,Precision,Recall,F1-Score,Support
Case Report,0.9361702127659575,0.8934010152284264,0.9142857142857144,
Diagnosis,0.8969230769230769,0.8074792243767313,0.8498542274052477,
Epidemic Forecasting,0.6938775510204082,0.8292682926829268,0.7555555555555555,
Mechanism,0.9401544401544402,0.8589065255731922,0.8976958525345622,
Prevention,0.8961973278520041,0.9416846652267818,0.918378093733544,
Transmission,0.7564102564102564,0.4609375,0.5728155339805825,
Treatment,0.899904671115348,0.9120772946859903,0.9059500959692899,
