,Case Report,Diagnosis,Epidemic Forecasting,Mechanism,Prevention,Transmission,Treatment
Case Report,1.0,-0.17166343482985713,-0.04732072138444273,-0.14364737402421865,-0.2200347799956508,-0.0528427889367461,-0.2525601276146974
Diagnosis,-0.17166343482985713,0.9999999999999999,-0.09989853864501146,-0.17257560588322787,-0.29418978572661486,-0.08123923116531527,0.12888540689030217
Epidemic Forecasting,-0.04732072138444273,-0.09989853864501146,1.0,-0.08359475481447715,0.0819137423930389,-0.01692690287964104,-0.1469758990533584
Mechanism,-0.14364737402421865,-0.17257560588322787,-0.08359475481447715,1.0,-0.38458722344016016,-0.03778179768365132,0.4022849425468242
Prevention,-0.2200347799956508,-0.2941897857266148,0.08191374239303889,-0.3845872234401601,1.0,0.14783195452036177,-0.6200990466566492
Transmission,-0.0528427889367461,-0.08123923116531527,-0.016926902879641045,-0.03778179768365133,0.14783195452036177,1.0,-0.16412717695843404
Treatment,-0.2525601276146974,0.1288854068903022,-0.14697589905335837,0.4022849425468242,-0.6200990466566493,-0.16412717695843404,1.0
