,Precision,Recall,F1-Score,Support
Case Report,0.04697986577181208,0.03867403314917127,0.04242424242424243,
Diagnosis,0.24914675767918087,0.2267080745341615,0.23739837398373986,
Epidemic Forecasting,0.0,0.0,0.0,
Mechanism,0.18439716312056736,0.2311111111111111,0.20512820512820512,
Prevention,0.44419642857142855,0.3618181818181818,0.39879759519038077,
Transmission,0.0,0.0,0.0,
Treatment,0.3460490463215259,0.42857142857142855,0.3829145728643216,
