,Case Report,Diagnosis,Epidemic Forecasting,Mechanism,Prevention,Transmission,Treatment
Case Report,1.0,-0.1392979294157701,-0.0174836560694685,-0.13587942335683412,-0.18815624723303925,-0.016735963264816727,-0.21312202415770332
Diagnosis,-0.1392979294157701,1.0,-0.038427601318530076,-0.20151187769386578,-0.35250998426915736,-0.03678423560075716,0.06262553010046654
Epidemic Forecasting,-0.0174836560694685,-0.03842760131853008,1.0,-0.037484550775792436,0.09292094377187615,-0.004616887894308735,-0.06160986217542497
Mechanism,-0.13587942335683412,-0.20151187769386578,-0.03748455077579244,1.0,-0.4014069218276481,-0.03588151484387417,0.40793454192550754
Prevention,-0.18815624723303928,-0.35250998426915736,0.09292094377187614,-0.40140692182764803,1.0,0.07634412524034748,-0.6327902452509911
Transmission,-0.016735963264816727,-0.03678423560075716,-0.004616887894308735,-0.03588151484387417,0.07634412524034749,1.0,-0.05897510143309971
Treatment,-0.21312202415770334,0.06262553010046654,-0.06160986217542496,0.40793454192550754,-0.6327902452509911,-0.05897510143309972,1.0
